mysql> select * from stat;
+--------+---------+-------+------+-------+------+
| uvisit | contrib | q1yes | q1no | q2yes | q2no |
+--------+---------+-------+------+-------+------+
|   1726 |     181 |   100 |   81 |   125 |   56 |
+--------+---------+-------+------+-------+------+
1 row in set (0.00 sec)

mysql> select * from stat2;
+------+----------+
| mean | standdev |
+------+----------+
|  662 |        0 |
+------+----------+
1 row in set (0.00 sec)
